{
  "worldview3_example_image_right": {
    "adjustments": {
      "band_0": {
        "scale": 1.0,
        "offset": -5.148295899564791e-15
      },
      "band_1": {
        "scale": 1.0,
        "offset": -3.30200988351171e-14
      },
      "band_2": {
        "scale": 1.0,
        "offset": -3.972671936422825e-14
      },
      "band_3": {
        "scale": 1.0,
        "offset": 8.904638839984068e-15
      },
      "band_4": {
        "scale": 1.0,
        "offset": -3.11603092504123e-14
      },
      "band_5": {
        "scale": 1.0,
        "offset": 4.3818220536381847e-14
      },
      "band_6": {
        "scale": 1.0,
        "offset": -5.327444892568381e-14
      },
      "band_7": {
        "scale": 1.0,
        "offset": 8.432866052318893e-15
      }
    },
    "whole_stats": {
      "band_0": {
        "mean": 352.4938659667969,
        "std": 115.75943756103516,
        "size": 754376
      },
      "band_1": {
        "mean": 288.795166015625,
        "std": 168.4087371826172,
        "size": 754376
      },
      "band_2": {
        "mean": 350.66229248046875,
        "std": 274.1837158203125,
        "size": 754376
      },
      "band_3": {
        "mean": 510.9217224121094,
        "std": 276.81732177734375,
        "size": 754376
      },
      "band_4": {
        "mean": 548.3543701171875,
        "std": 261.7655029296875,
        "size": 754376
      },
      "band_5": {
        "mean": 676.8491821289062,
        "std": 452.5438537597656,
        "size": 754376
      },
      "band_6": {
        "mean": 809.3738403320312,
        "std": 670.5470581054688,
        "size": 754376
      },
      "band_7": {
        "mean": 683.2637939453125,
        "std": 556.6295776367188,
        "size": 754376
      }
    },
    "overlap_stats": {
      "worldview3_example_image_left": {
        "band_0": {
          "mean": 343.7265930175781,
          "std": 105.11170959472656,
          "size": 417316
        },
        "band_1": {
          "mean": 267.573974609375,
          "std": 150.13314819335938,
          "size": 417316
        },
        "band_2": {
          "mean": 315.43731689453125,
          "std": 248.96531677246094,
          "size": 417316
        },
        "band_3": {
          "mean": 474.5262145996094,
          "std": 253.92355346679688,
          "size": 417316
        },
        "band_4": {
          "mean": 513.7894897460938,
          "std": 242.6025390625,
          "size": 417316
        },
        "band_5": {
          "mean": 638.076171875,
          "std": 431.37823486328125,
          "size": 417316
        },
        "band_6": {
          "mean": 766.6265869140625,
          "std": 658.8131713867188,
          "size": 417316
        },
        "band_7": {
          "mean": 654.8253173828125,
          "std": 548.200439453125,
          "size": 417316
        }
      }
    }
  },
  "worldview3_example_image_left": {
    "adjustments": {
      "band_0": {
        "scale": 0.9888996481895447,
        "offset": -643.2774047851562
      },
      "band_1": {
        "scale": 0.8934707641601562,
        "offset": -460.9392395019531
      },
      "band_2": {
        "scale": 0.9323090314865112,
        "offset": -471.6303405761719
      },
      "band_3": {
        "scale": 0.9511673450469971,
        "offset": -461.04547119140625
      },
      "band_4": {
        "scale": 0.9514133334159851,
        "offset": -424.810546875
      },
      "band_5": {
        "scale": 0.9698294401168823,
        "offset": -449.6704406738281
      },
      "band_6": {
        "scale": 0.976435661315918,
        "offset": -520.2987060546875
      },
      "band_7": {
        "scale": 0.9415221810340881,
        "offset": -378.37591552734375
      }
    },
    "whole_stats": {
      "band_0": {
        "mean": 1013.271240234375,
        "std": 105.77500915527344,
        "size": 625974
      },
      "band_1": {
        "mean": 828.3272705078125,
        "std": 161.21377563476562,
        "size": 625974
      },
      "band_2": {
        "mean": 857.4815063476562,
        "std": 251.2060089111328,
        "size": 625974
      },
      "band_3": {
        "mean": 985.83447265625,
        "std": 250.21371459960938,
        "size": 625974
      },
      "band_4": {
        "mean": 982.7135009765625,
        "std": 241.8306884765625,
        "size": 625974
      },
      "band_5": {
        "mean": 1161.837158203125,
        "std": 425.2601013183594,
        "size": 625974
      },
      "band_6": {
        "mean": 1392.37841796875,
        "std": 654.6043090820312,
        "size": 625974
      },
      "band_7": {
        "mean": 1169.2225341796875,
        "std": 569.40625,
        "size": 625974
      }
    },
    "overlap_stats": {
      "worldview3_example_image_right": {
        "band_0": {
          "mean": 998.0830688476562,
          "std": 106.29158020019531,
          "size": 417316
        },
        "band_1": {
          "mean": 815.3744506835938,
          "std": 168.0336456298828,
          "size": 417316
        },
        "band_2": {
          "mean": 844.2132568359375,
          "std": 267.0416259765625,
          "size": 417316
        },
        "band_3": {
          "mean": 983.6036376953125,
          "std": 266.95989990234375,
          "size": 417316
        },
        "band_4": {
          "mean": 986.5323486328125,
          "std": 254.9917449951172,
          "size": 417316
        },
        "band_5": {
          "mean": 1121.58544921875,
          "std": 444.79803466796875,
          "size": 417316
        },
        "band_6": {
          "mean": 1317.982666015625,
          "std": 674.7123413085938,
          "size": 417316
        },
        "band_7": {
          "mean": 1097.373291015625,
          "std": 582.2490844726562,
          "size": 417316
        }
      }
    }
  }
}